{
  "feature_columns": [
    "rerank_score",
    "POEMetric_proxy",
    "sonnet_form_accuracy",
    "exact_14_lines",
    "line_count_score",
    "line_length_score",
    "shakespearean_rhyme_pair_score",
    "final_couplet_rhyme",
    "MATTR",
    "distinct_2",
    "lexical_diversity",
    "repetition_rate",
    "non_repetition",
    "imagery_literary_device_score",
    "prompt_continuation_theme_overlap",
    "poemetric_overall_quality_proxy",
    "sonnet_or_not_bot_pass",
    "mbr_score"
  ],
  "alpha": 10.0,
  "mean": [
    0.5872929179008274,
    0.6390234888787969,
    0.525200750682437,
    1.0,
    1.0,
    0.7363512283894456,
    0.08342811646951628,
    0.01934713375796176,
    0.9598505216922141,
    0.9938084497237143,
    0.9768294857079635,
    0.0837266734407279,
    0.9162733265592747,
    0.26584849289068996,
    0.18775946883530356,
    0.6969732397392655,
    0.003980891719745223,
    0.4920074615311529
  ],
  "std": [
    0.05919364258402902,
    0.04272553735174959,
    0.03793920829457417,
    1.0,
    1.0,
    0.09649342609318404,
    0.07844397139802642,
    0.1091727165821392,
    0.036672070002702783,
    0.038289956778956316,
    0.03656405464745646,
    0.050395170766717325,
    0.050395170766717345,
    0.1471896965052291,
    0.24221090591568054,
    0.03092270536238623,
    0.06296859710094455,
    0.017769307853204328
  ],
  "weights": [
    41.57593707668913,
    0.016455538660782018,
    0.042805604726881746,
    0.1469974274678781,
    0.0,
    0.0,
    0.3092448113057744,
    0.09998969500106251,
    -0.16757110310906798,
    0.1515644487636849,
    0.03360702186030013,
    0.0936027685574723,
    -0.06525709579736866,
    0.06525709579794677,
    -0.011992831834030509,
    -0.04704724694114959,
    0.10881776621902306,
    -0.004398870389048113,
    0.2521277202297724
  ],
  "train_candidate_rmse": 1.4731006211141389,
  "train_candidate_mae": 1.1515128423045828
}
